"Timestamp","What is your current CGPA, as of your last completed semester?","Previous CGPA","Total units taken (concluded semester)","Average CA score","Proportion of higher-unit courses","Preparedness/attitude to tests","Attitude to assignments","Procrastination tendency","Study hours (course work)","Attendance rate","Extracurricular hours","Access to past questions","","","","","","","",""
"2026/09/13 11:05:16 AM GMT+1","2.22","2.50","18","20","5","4","3","2","15","50","","Yes","2.50","45","2.11","No","3","Yes","Yes","2.14"
"2026/09/13 11:14:55 AM GMT+1","2.10","2.32","18","20","5","3","3","2","15","25","5","Yes","2.5","45","2.11","No","","No","Yes","2.20"
"2026/09/14 1:29:28 PM GMT+1","4.63","4.65","22","25","7","5","5","3","2","5","1","Yes","4.85","","","","","","",""
"2026/09/14 1:39:51 PM GMT+1","2.42","2.32","104 units","15","4","3","4","4","Barely an hr sometimes and some 2hrs","4","4 ","Yes","2.83","","","","","","",""
"2026/09/14 1:43:35 PM GMT+1","3.6","3.8","8","23","4","2","3","3","8","4","14","Yes","","","","","","","",""
"2026/09/14 1:52:58 PM GMT+1","2.99","3.01","18","69, cant remember ","Dont know","3","4","3","2hr","5","The whole week","Nope, na we be first set and them dey show us shege","","","","","","","",""
"2026/09/14 2:21:12 PM GMT+1","4.61","4.64","7","17","5","3","5","3","6","4","4","Yes","","","","","","","",""
"2026/09/14 2:34:31 PM GMT+1","4.57","4.50","20","","4","2","","","","","","","","","","","","","",""
"2026/09/14 2:36:09 PM GMT+1","3.4","3.35","18","20","2","3","4","4","1","5","0","No","","","","","","","",""
"2026/09/14 2:48:14 PM GMT+1","No idea","No idea","3 unit","I didn’t write cause I’m on IT","1","3","5","4","78 hours ","4","Non","Yes ","","","","","","","",""
"2026/09/14 3:36:23 PM GMT+1","4.68","4.52","32 unit ","35","2","5","4","2","12 hours ","5","Nil","No","","","","","","","",""
"2026/09/14 3:38:23 PM GMT+1","4.68","4.52","32 unit ","30","2","5","4","2","12 hours ","5","Nil","No","","","","","","","",""
"2026/09/14 4:07:24 PM GMT+1","4.6","4.51","8","25","2","4","4","2","5","5","4","No","","","","","","","",""
"2026/09/14 4:50:03 PM GMT+1","3.01","2.80","22","Nil","1","3","3","3","4-6","5","4","Yes","","","","","","","",""
"2026/09/14 5:01:39 PM GMT+1","4.79","5.0","10","35","2","5","5","3","8","4","4","Yes","","","","","","","",""
"2026/09/14 5:32:08 PM GMT+1","3.68","3.54","24","25","Non","3","4","4","3hours","3","6","Yes","","","","","","","",""
"2026/09/14 5:39:01 PM GMT+1","4.29","4.09","19","29.7","1","4","5","4","2","4","3","Yes","","","","","","","",""
"2026/09/14 6:42:28 PM GMT+1","4.31","4.32","21","23","3","3","4","2","11","5","2","Yes","","","","","","","",""
"2026/09/14 7:08:06 PM GMT+1","4.57","4.59","15","28","2","4","5","3","15-20","5","10","Yes","","","","","","","",""
"2026/09/14 7:57:10 PM GMT+1","3.96","4.0","22","25","4","3","4","4","2hrs","5","6","Yes","","","","","","","",""
"2026/09/14 8:07:58 PM GMT+1","4.36","4.40","22","30","6","3","3","5","4","3","10","Yes","","","","","","","",""
"2026/09/14 8:27:15 PM GMT+1","3.73","3.80","20","28.52","4","4","5","3","14","5","2","Yes","","","","","","","",""
"2026/09/14 10:06:57 PM GMT+1","3.6","3.7","22","23","6","4","5","4","4","4","8","Yes ","","","","","","","",""
"2026/09/14 10:11:15 PM GMT+1","3.32","3.22","7","30","<4","3","4","2","<2","4",">/<48","No","","","","","","","",""
"2026/09/14 11:16:45 PM GMT+1","2.17","3.47","Around 40, not sure ","30","3","4","4","5","Roughly 20 in a week","3","3 (all Tuesdays)","Yes","","","","","","","",""
"2026/09/14 11:20:10 PM GMT+1","2.94","2.8","9","25","5","4","5","5","14","5","3","No","","","","","","","",""
"2026/09/15 6:52:36 AM GMT+1","2.96","3.02","21","27","6","3","4","3","7","4","0","Maybe","","","","","","","",""
"2026/09/15 7:42:56 AM GMT+1","4.04","4.04","22","30","3","3","4","3","5","4","15","Yes","","","","","","","",""
"2026/09/15 9:04:20 AM GMT+1","Not sure 2.890","No idea ","24","Hmmm","Ift 314","5","5","5","Like 3hrs","5","Sport","Yes","","","","","","","",""
"2026/09/15 9:15:17 AM GMT+1","4.40","4.23","18","38","3","4","4","3","4 hours ","5","1hour","No","","","","","","","",""
"2026/09/15 12:44:16 PM GMT+1","3.98","4.1","22","25","4","2","5","5","2","5","6","No","","","","","","","",""
"2026/09/15 12:50:51 PM GMT+1","3.8","3.8","8","20","6","5","5","4","5 hours ","4","None","No","","","","","","","",""
"2026/09/15 1:37:47 PM GMT+1","4.28","4.35","6","36","5","5","5","2","5 hours","5","None ","Yes","","","","","","","",""
"2026/09/15 2:17:30 PM GMT+1","3.33","3.49","21","25","4","3","3","2","3 hours","3","1","Yes","","","","","","","",""
"2026/09/15 4:38:50 PM GMT+1","4.31","4.63","21","23","5","3","5","1","I can't estimate that ","5","I can't estimate that ","Yes","","","","","","","",""
"2026/09/15 4:48:23 PM GMT+1","Tijani yahaya ehira ","3.50","24","28","4","4","3","2","3 to 4 hours ","3","Nill","No","","","","","","","",""
"2026/09/15 7:19:40 PM GMT+1","4.76","4.78","20","32","5","3","4","2","10","4","7","Yes","","","","","","","",""
"2026/09/15 8:04:54 PM GMT+1","4.64","4.65","20","26","6","3","4","3","10","5","10","Yes","","","","","","","",""
"2026/09/15 10:15:55 PM GMT+1","4.11","4.18","22","28","5","3","4","4","4","5","4","Yes","","","","","","","",""
"2026/09/16 7:35:14 AM GMT+1","3.89","3.9","14","24","3","4","2","4","","4","","Yes","","","","","","","",""
"2026/09/17 5:12:27 PM GMT+1","4.63","4.80","20","28","5","4","5","2","8","5","10","yes","","","","","","","",""